AcquiredTime,Precursor,MinStartTime,MaxEndTime,Annotations,Best.RT,MaxFWHM,TotalArea,moz.assymetry,mz
13/05/2019 17:41,EDLIAYLK,27.226336,28.30686, RAW = QEMYC190513_05; mz = 482.7727929531532; delta PPM = 3,27.405949,0.009507581,5.63E+07,1.0005883,482.77
13/05/2019 18:34,EDLIAYLK,27.205755,28.024357, RAW = QEMYC190513_06; mz = 482.7726173433017; delta PPM = 3,27.37495,0.009414788,5.23E+07,0.99896413,482.77
13/05/2019 19:27,EDLIAYLK,27.166084,28.289429, RAW = QEMYC190513_07; mz = 482.7724131459204; delta PPM = 3,27.332014,0.009445064,5.63E+07,0.991074,482.77
13/05/2019 23:06,EDLIAYLK,27.186964,28.322971, RAW = QEMYC190513_10; mz = 482.7725072057693; delta PPM = 3,27.349634,0.009392276,6.04E+07,0.9919986,482.77
14/05/2019 01:38,EDLIAYLK,27.149992,28.293074, RAW = QEMYC190513_12; mz = 482.7723360427676; delta PPM = 3,27.326931,0.009557096,6.05E+07,0.99551374,482.77
14/05/2019 04:11,EDLIAYLK,27.155153,28.399973, RAW = QEMYC190513_14; mz = 482.7726477648672; delta PPM = 3,27.321674,0.009510502,6.25E+07,0.9988613,482.77
13/05/2019 17:41,GEREDLIAYLK,25.264029,25.490044, RAW = QEMYC190513_05; mz = 653.8553138659635; delta PPM = 2,25.373604,0.014758884,487654.22,0.9988028,653.85
13/05/2019 18:34,GEREDLIAYLK,25.281061,25.47796, RAW = QEMYC190513_06; mz = 653.85526204877; delta PPM = 2,25.431421,0.01459812,363989.78,0.98383814,653.85
13/05/2019 19:27,GEREDLIAYLK,25.2698,25.431694, RAW = QEMYC190513_07; mz = 653.8553915829881; delta PPM = 3,25.31601,0.014554637,407603.6,0.9809337,653.85
13/05/2019 23:06,GEREDLIAYLK,25.274988,25.48813, RAW = QEMYC190513_10; mz = 653.8543733663472; delta PPM = 1,25.36268,0.015043968,444112.12,0.99363834,653.85
14/05/2019 01:38,GEREDLIAYLK,25.264343,25.385098, RAW = QEMYC190513_12; mz = 653.8559478952926; delta PPM = 3,25.329678,0.014564244,360932.75,1.0055611,653.85
14/05/2019 04:11,GEREDLIAYLK,25.21845,25.38802, RAW = QEMYC190513_14; mz = 653.855470228182; delta PPM = 3,25.294312,0.015049968,340773.9,0.99139655,653.85
13/05/2019 17:41,KIFVQK,18.226326,18.57278, RAW = QEMYC190513_05; mz = 381.7480474456349; delta PPM = 2,18.345228,0.006704655,2087709.8,0.99027795,381.74
13/05/2019 18:34,KIFVQK,18.211748,18.556023, RAW = QEMYC190513_06; mz = 381.74783918604027; delta PPM = 1,18.315168,0.006652927,2321823.5,1.010711,381.74
13/05/2019 19:27,KIFVQK,18.163118,18.534481, RAW = QEMYC190513_07; mz = 381.7480939158013; delta PPM = 2,18.28658,0.006776824,2032122.2,0.9972753,381.74
13/05/2019 23:06,KIFVQK,18.137287,18.47774, RAW = QEMYC190513_10; mz = 381.74787126090496; delta PPM = 1,18.25169,0.006604073,2415748.8,1.0040019,381.74
14/05/2019 01:38,KIFVQK,18.13441,18.461676, RAW = QEMYC190513_12; mz = 381.74826777438983; delta PPM = 3,18.227062,0.006723503,2384087.8,0.98427975,381.74
14/05/2019 04:11,KIFVQK,18.06648,18.429674, RAW = QEMYC190513_14; mz = 381.7479888248449; delta PPM = 2,18.218252,0.006779321,2514657.5,1.001869,381.74
13/05/2019 17:41,KYIPGTK,17.439919,17.9592, RAW = QEMYC190513_05; mz = 403.74317509334753; delta PPM = 3,17.547564,0.007160238,8181632,0.99037117,403.74
13/05/2019 18:34,KYIPGTK,17.422827,17.962137, RAW = QEMYC190513_06; mz = 403.7427517324227; delta PPM = 1,17.547964,0.007433766,7430624.5,0.9872658,403.74
13/05/2019 19:27,KYIPGTK,17.37855,17.90037, RAW = QEMYC190513_07; mz = 403.7431046898943; delta PPM = 2,17.525599,0.007233823,8010569,0.9833147,403.74
13/05/2019 23:06,KYIPGTK,17.369883,17.935848, RAW = QEMYC190513_10; mz = 403.7428715019338; delta PPM = 2,17.495209,0.007407941,8232953,0.9849072,403.74
14/05/2019 01:38,KYIPGTK,17.341776,17.928593, RAW = QEMYC190513_12; mz = 403.7434453714928; delta PPM = 3,17.467897,0.007238775,9350410,0.9935622,403.74
14/05/2019 04:11,KYIPGTK,17.318819,17.803734, RAW = QEMYC190513_14; mz = 403.742921169833; delta PPM = 2,17.465645,0.007353214,8809122,0.98292595,403.74
13/05/2019 17:41,MIFAGIK,25.483942,27.007471, RAW = QEMYC190513_05; mz = 390.2287709724804; delta PPM = 2,25.647871,0.006897137,9.52E+07,0.976231,390.22
13/05/2019 18:34,MIFAGIK,25.460443,26.64334, RAW = QEMYC190513_06; mz = 390.2287674818563; delta PPM = 2,25.65656,0.006792647,1.01E+08,0.9924538,390.22
13/05/2019 19:27,MIFAGIK,25.446558,26.918295, RAW = QEMYC190513_07; mz = 390.2286567381633; delta PPM = 2,25.608854,0.006821137,1.02E+08,0.97858125,390.22
13/05/2019 23:06,MIFAGIK,25.442297,27.140596, RAW = QEMYC190513_10; mz = 390.2287269855766; delta PPM = 2,25.631145,0.00692368,1.02E+08,0.96907157,390.22
14/05/2019 01:38,MIFAGIK,25.432207,27.079927, RAW = QEMYC190513_12; mz = 390.22850260935314; delta PPM = 2,25.591045,0.006891284,9.91E+07,0.9688119,390.22
14/05/2019 04:11,MIFAGIK,25.402182,27.123453, RAW = QEMYC190513_14; mz = 390.228782873641; delta PPM = 2,25.582386,0.00698557,9.96E+07,0.96974117,390.22
13/05/2019 17:41,MIFAGIK; Oxidation (M1),23.62231,24.905897, RAW = QEMYC190513_05; mz = 398.22628031982697; delta PPM = 2,23.970882,0.006994528,2.53E+07,1.0140913,398.22
13/05/2019 18:34,MIFAGIK; Oxidation (M1),23.609919,24.978811, RAW = QEMYC190513_06; mz = 398.22637329207805; delta PPM = 3,23.993364,0.007008959,2.50E+07,1.0104125,398.22
13/05/2019 19:27,MIFAGIK; Oxidation (M1),23.556026,25.117323, RAW = QEMYC190513_07; mz = 398.22620520950136; delta PPM = 2,23.93809,0.006987916,2.59E+07,1.0150583,398.22
13/05/2019 23:06,MIFAGIK; Oxidation (M1),23.58765,25.092735, RAW = QEMYC190513_10; mz = 398.2258834473304; delta PPM = 1,23.910332,0.006990525,2.55E+07,0.9992285,398.22
14/05/2019 01:38,MIFAGIK; Oxidation (M1),23.58463,25.586668, RAW = QEMYC190513_12; mz = 398.22606383591426; delta PPM = 2,23.94071,0.006993059,2.84E+07,1.0047497,398.22
14/05/2019 04:11,MIFAGIK; Oxidation (M1),23.538273,24.966393, RAW = QEMYC190513_14; mz = 398.2265568456719; delta PPM = 3,23.90806,0.00707592,2.64E+07,1.0163836,398.22
13/05/2019 17:41,TGQAPGFSYTDANK,21.379597,22.519182, RAW = QEMYC190513_05; mz = 728.8401094659298; delta PPM = 2,21.541473,0.017462827,5.73E+07,1.0113176,728.84
13/05/2019 18:34,TGQAPGFSYTDANK,21.385363,22.46906, RAW = QEMYC190513_06; mz = 728.840382036113; delta PPM = 2,21.5528,0.017467048,5.42E+07,1.0158163,728.84
13/05/2019 19:27,TGQAPGFSYTDANK,21.329552,22.436543, RAW = QEMYC190513_07; mz = 728.8403851855637; delta PPM = 2,21.500929,0.017477136,5.48E+07,1.0099243,728.84
13/05/2019 23:06,TGQAPGFSYTDANK,21.366278,22.44523, RAW = QEMYC190513_10; mz = 728.8399158467362; delta PPM = 2,21.523193,0.017428353,6.03E+07,1.0108461,728.84
14/05/2019 01:38,TGQAPGFSYTDANK,21.30419,22.438036, RAW = QEMYC190513_12; mz = 728.8405196236985; delta PPM = 2,21.486809,0.017587136,5.77E+07,1.016984,728.84
14/05/2019 04:11,TGQAPGFSYTDANK,21.309261,22.366194, RAW = QEMYC190513_14; mz = 728.8404266067055; delta PPM = 2,21.482037,0.017605983,5.65E+07,1.0116447,728.84
